zacetek_A,zacetek_B,srecanje_id,srecanje_ime,stevilo_korakov
mega_233,mega_399,mega_44,Ajdovščina,259
mega_493,mega_357,N/A,N/A,5000
mega_465,mega_344,mega_133,Ambrožev trg,624
mega_177,mega_423,mega_257,Konzorcij/Pošta,611
mega_279,mega_349,mega_220,Aleja/Avtomontaža,331
mega_110,mega_284,mega_295,Polje,1813
mega_120,mega_152,mega_318,Rusjanov trg,599
mega_415,mega_468,mega_474,Nove Jarše,266
mega_43,mega_369,N/A,N/A,5000
mega_360,mega_170,mega_271,Tobačna,2040
mega_103,mega_396,mega_179,Bavarski dvor,227
mega_324,mega_192,mega_272,Štepanja vas,850
mega_458,mega_241,mega_133,Ambrožev trg,1275
mega_417,mega_320,mega_179,Bavarski dvor,103
mega_479,mega_275,mega_153,Astra,366
mega_428,mega_150,mega_398,Gosposvetska,525
mega_331,mega_485,mega_218,Ruski car,61
mega_252,mega_210,mega_44,Ajdovščina,987
mega_450,mega_220,mega_134,Gornji trg,509
mega_161,mega_242,mega_201,Aškerčeva,891
mega_252,mega_142,mega_398,Gosposvetska,707
mega_221,mega_11,mega_131,Dolnice,1091
mega_124,mega_230,mega_44,Ajdovščina,830
mega_35,mega_324,mega_304,Kino Šiška,292
mega_361,mega_370,mega_179,Bavarski dvor,1451
mega_27,mega_224,mega_134,Gornji trg,568
mega_17,mega_477,N/A,N/A,5000
mega_461,mega_42,mega_124,Poljanska,781
mega_469,mega_132,mega_382,Šola Jarše,391
mega_183,mega_171,mega_271,Tobačna,1816
mega_39,mega_157,mega_404,Radna,768
mega_369,mega_483,mega_360,Studenec,193
mega_10,mega_391,mega_44,Ajdovščina,506
mega_429,mega_58,mega_195,Križišče Sostro,6
mega_325,mega_470,mega_265,Razstavišče,675
mega_316,mega_59,mega_179,Bavarski dvor,373
mega_155,mega_310,mega_44,Ajdovščina,1222
mega_294,mega_457,mega_367,Stara cerkev,1448
mega_12,mega_436,mega_140,Privoz,998
mega_399,mega_82,mega_28,Zgornji log,402
mega_169,mega_202,mega_151,Viadukt,380
mega_202,mega_105,mega_258,Trata,121
mega_350,mega_101,mega_153,Astra,1037
mega_56,mega_39,mega_179,Bavarski dvor,571
mega_344,mega_423,mega_86,Stožice,27
mega_56,mega_263,mega_265,Razstavišče,820
mega_356,mega_133,mega_362,Friškovec,23
mega_437,mega_296,mega_322,Bolnica,351
mega_328,mega_253,mega_69,Koseze,1705
mega_166,mega_193,N/A,N/A,5000
mega_64,mega_430,mega_361,Pot na Fužine,156
mega_292,mega_149,N/A,N/A,5000
mega_192,mega_26,mega_361,Pot na Fužine,327
mega_417,mega_98,mega_44,Ajdovščina,559
mega_27,mega_462,mega_322,Bolnica,582
mega_272,mega_304,mega_220,Aleja/Avtomontaža,347
mega_71,mega_342,mega_343,Drama,107
mega_334,mega_432,mega_159,Krimska,481
mega_36,mega_380,mega_124,Poljanska,813
mega_349,mega_262,N/A,N/A,5000
mega_121,mega_402,mega_257,Konzorcij/Pošta,672
mega_357,mega_461,mega_140,Privoz,390
mega_135,mega_336,mega_44,Ajdovščina,2393
mega_184,mega_144,mega_271,Tobačna,601
mega_453,mega_404,mega_179,Bavarski dvor,1636
mega_334,mega_307,mega_386,Tovorni kolodvor,370
mega_105,mega_20,N/A,N/A,5000
mega_26,mega_435,mega_44,Ajdovščina,912
mega_487,mega_245,N/A,N/A,5000
mega_14,mega_42,mega_44,Ajdovščina,119
mega_138,mega_102,mega_179,Bavarski dvor,266
mega_127,mega_264,mega_265,Razstavišče,456
mega_285,mega_354,mega_257,Konzorcij/Pošta,188
mega_103,mega_328,mega_152,Hajdrihova,329
mega_291,mega_33,mega_179,Bavarski dvor,793
mega_263,mega_417,mega_322,Bolnica,681
mega_215,mega_444,mega_257,Konzorcij/Pošta,190
mega_346,mega_172,mega_225,Tržnica Moste,33
mega_128,mega_457,mega_147,Emona,729
mega_64,mega_417,mega_179,Bavarski dvor,605
mega_325,mega_49,N/A,N/A,5000
mega_304,mega_212,mega_367,Stara cerkev,925
mega_234,mega_356,mega_180,Tivoli,170
mega_263,mega_457,mega_351,Žale,371
mega_286,mega_169,mega_265,Razstavišče,1962
mega_112,mega_70,N/A,N/A,5000
mega_252,mega_465,mega_179,Bavarski dvor,1278
mega_365,mega_61,mega_201,Aškerčeva,251
mega_37,mega_336,mega_130,Bežigrad,1025
mega_43,mega_255,N/A,N/A,5000
mega_69,mega_425,mega_313,Kajuhova/Zaloška,909
mega_7,mega_284,mega_179,Bavarski dvor,2740
mega_62,mega_265,mega_389,Savsko naselje/Središka,704
mega_266,mega_267,mega_343,Drama,519
mega_411,mega_230,mega_304,Kino Šiška,175
mega_118,mega_341,mega_218,Ruski car,214
mega_176,mega_197,mega_105,Stadion,608
mega_326,mega_350,mega_360,Studenec,669
mega_451,mega_303,mega_179,Bavarski dvor,74
mega_219,mega_31,mega_179,Bavarski dvor,435
mega_49,mega_195,N/A,N/A,5000
mega_314,mega_75,mega_352,Savske stolpnice,1076
mega_80,mega_405,mega_178,AMZS,348
mega_209,mega_419,mega_343,Drama,255
mega_484,mega_119,mega_362,Friškovec,3871
mega_39,mega_220,mega_179,Bavarski dvor,44
mega_117,mega_358,mega_382,Šola Jarše,573
mega_6,mega_43,N/A,N/A,5000
mega_429,mega_384,mega_257,Konzorcij/Pošta,410
mega_355,mega_128,mega_225,Tržnica Moste,504
mega_193,mega_261,N/A,N/A,5000
mega_255,mega_410,mega_179,Bavarski dvor,174
mega_50,mega_165,mega_257,Konzorcij/Pošta,531
mega_479,mega_216,mega_225,Tržnica Moste,1775
mega_250,mega_27,mega_265,Razstavišče,1182
mega_457,mega_2,mega_201,Aškerčeva,1507
mega_277,mega_21,mega_44,Ajdovščina,243
mega_347,mega_420,mega_343,Drama,191
mega_331,mega_441,mega_44,Ajdovščina,503
mega_143,mega_217,mega_179,Bavarski dvor,346
mega_486,mega_334,mega_343,Drama,56
mega_468,mega_418,mega_97,Vič,1279
mega_196,mega_32,mega_386,Tovorni kolodvor,150
mega_107,mega_285,mega_265,Razstavišče,1051
mega_50,mega_312,mega_322,Bolnica,1029
mega_56,mega_80,mega_44,Ajdovščina,1239
mega_244,mega_107,mega_69,Koseze,613
mega_106,mega_254,N/A,N/A,5000
mega_166,mega_4,mega_382,Šola Jarše,143
mega_480,mega_193,N/A,N/A,5000
mega_108,mega_142,mega_343,Drama,187
mega_112,mega_221,mega_370,Žito,145
mega_89,mega_366,mega_194,I. Kobilca,593
mega_295,mega_71,mega_144,Križanke,1439
mega_412,mega_211,mega_130,Bežigrad,450
mega_300,mega_255,mega_126,Klinični center,157
mega_9,mega_113,mega_44,Ajdovščina,799
mega_418,mega_422,mega_313,Kajuhova/Zaloška,787
mega_70,mega_229,N/A,N/A,5000
mega_258,mega_131,mega_265,Razstavišče,1189
mega_292,mega_148,N/A,N/A,5000
mega_4,mega_187,mega_105,Stadion,1017
mega_143,mega_241,mega_179,Bavarski dvor,649
mega_93,mega_389,mega_322,Bolnica,213
mega_34,mega_17,mega_218,Ruski car,2234
mega_88,mega_480,mega_141,Vižmarje,1149
mega_489,mega_186,N/A,N/A,5000
mega_0,mega_399,mega_220,Aleja/Avtomontaža,4676
mega_416,mega_416,mega_123,Rašica,1
mega_84,mega_151,mega_44,Ajdovščina,108
mega_225,mega_152,mega_304,Kino Šiška,495
mega_95,mega_118,mega_257,Konzorcij/Pošta,1175
mega_292,mega_191,N/A,N/A,5000
mega_156,mega_445,mega_179,Bavarski dvor,1355
mega_185,mega_110,mega_257,Konzorcij/Pošta,458
mega_245,mega_424,mega_44,Ajdovščina,777
mega_5,mega_116,mega_44,Ajdovščina,186
mega_304,mega_176,mega_307,Dalmatinova/Tavčarjeva,643
mega_248,mega_69,mega_179,Bavarski dvor,155
mega_307,mega_358,mega_44,Ajdovščina,104
mega_263,mega_463,mega_343,Drama,1526
mega_453,mega_329,N/A,N/A,5000
mega_438,mega_339,mega_382,Šola Jarše,315
mega_299,mega_475,mega_265,Razstavišče,1028
mega_239,mega_451,mega_343,Drama,571
mega_175,mega_173,mega_362,Friškovec,707
mega_161,mega_440,mega_313,Kajuhova/Zaloška,293
mega_393,mega_309,mega_127,Cesta v Gorice,264
mega_468,mega_440,mega_362,Friškovec,217
mega_460,mega_289,mega_313,Kajuhova/Zaloška,465
mega_205,mega_392,mega_179,Bavarski dvor,125
mega_426,mega_479,mega_322,Bolnica,118
mega_53,mega_33,N/A,N/A,5000
mega_360,mega_313,mega_343,Drama,763
mega_255,mega_214,mega_126,Klinični center,17
mega_75,mega_176,mega_225,Tržnica Moste,648
mega_349,mega_73,mega_265,Razstavišče,468
mega_237,mega_479,mega_230,Mercator,278
mega_200,mega_419,mega_180,Tivoli,135
mega_226,mega_457,mega_126,Klinični center,771
mega_424,mega_111,mega_339,Jarše/Kodrova,947
mega_397,mega_284,mega_179,Bavarski dvor,384
mega_326,mega_323,mega_152,Hajdrihova,468
mega_479,mega_77,mega_406,Šentvid,14
mega_185,mega_293,N/A,N/A,5000
mega_271,mega_62,mega_362,Friškovec,114
mega_96,mega_178,mega_153,Astra,217
mega_203,mega_22,mega_91,Petrol,3440
mega_137,mega_302,mega_398,Gosposvetska,271
mega_14,mega_404,mega_153,Astra,368
mega_127,mega_187,mega_153,Astra,177
mega_476,mega_414,mega_126,Klinični center,182
mega_389,mega_448,mega_73,Kristalna palača,77
mega_157,mega_461,mega_179,Bavarski dvor,1232
mega_162,mega_92,mega_180,Tivoli,310
mega_117,mega_50,mega_48,Cesta na Vevče,816
mega_142,mega_271,mega_179,Bavarski dvor,540
mega_193,mega_139,N/A,N/A,5000
mega_192,mega_358,mega_179,Bavarski dvor,277
mega_322,mega_200,mega_382,Šola Jarše,421
mega_167,mega_0,N/A,N/A,5000
mega_190,mega_195,mega_179,Bavarski dvor,394
mega_149,mega_472,mega_153,Astra,1013
mega_450,mega_320,mega_304,Kino Šiška,1013
mega_178,mega_251,mega_304,Kino Šiška,396
mega_490,mega_81,N/A,N/A,5000
mega_433,mega_446,N/A,N/A,5000
mega_104,mega_74,mega_354,Jurčkova,133
mega_111,mega_251,mega_179,Bavarski dvor,292
mega_70,mega_386,N/A,N/A,5000
mega_178,mega_62,mega_339,Jarše/Kodrova,1283
mega_431,mega_92,mega_133,Ambrožev trg,647
mega_210,mega_29,mega_304,Kino Šiška,135
mega_50,mega_103,mega_44,Ajdovščina,1739
mega_149,mega_197,mega_362,Friškovec,990
mega_458,mega_349,mega_126,Klinični center,389
mega_401,mega_85,mega_44,Ajdovščina,631
mega_120,mega_249,mega_179,Bavarski dvor,1736
mega_205,mega_342,mega_28,Zgornji log,2817
mega_290,mega_449,N/A,N/A,5000
mega_486,mega_280,mega_271,Tobačna,326
mega_210,mega_8,mega_265,Razstavišče,360
mega_349,mega_247,mega_180,Tivoli,504
mega_396,mega_412,mega_305,Slovenija avto,631
mega_388,mega_372,mega_378,Mirje,1118
mega_14,mega_434,mega_218,Ruski car,130
mega_304,mega_246,mega_179,Bavarski dvor,394
mega_260,mega_37,mega_398,Gosposvetska,693
mega_394,mega_99,mega_395,Dolgi most,280
mega_204,mega_24,mega_87,Prekmurska,1869
mega_259,mega_440,mega_265,Razstavišče,440
mega_428,mega_114,mega_87,Prekmurska,888
mega_465,mega_183,mega_339,Jarše/Kodrova,1360
mega_131,mega_474,mega_313,Kajuhova/Zaloška,424
mega_165,mega_335,mega_339,Jarše/Kodrova,344
mega_7,mega_303,mega_179,Bavarski dvor,692
mega_232,mega_369,mega_152,Hajdrihova,160
mega_229,mega_338,mega_139,Bratov Učakar,844
mega_385,mega_18,mega_300,Kardeljeva ploščad,348
mega_402,mega_216,mega_343,Drama,1058
mega_305,mega_446,N/A,N/A,5000
mega_90,mega_179,mega_343,Drama,68
mega_150,mega_203,mega_179,Bavarski dvor,154
mega_14,mega_167,N/A,N/A,5000
mega_488,mega_366,N/A,N/A,5000
mega_233,mega_236,mega_179,Bavarski dvor,559
mega_336,mega_187,mega_44,Ajdovščina,544
mega_116,mega_126,mega_124,Poljanska,115
mega_302,mega_343,mega_289,Koprska,541
mega_249,mega_215,mega_225,Tržnica Moste,316
mega_173,mega_216,mega_147,Emona,365
mega_235,mega_85,mega_382,Šola Jarše,120
mega_102,mega_207,mega_153,Astra,783
mega_95,mega_209,mega_179,Bavarski dvor,2271
mega_284,mega_348,mega_225,Tržnica Moste,1046
mega_298,mega_105,mega_44,Ajdovščina,217
mega_174,mega_0,mega_107,7. septembra,577
mega_334,mega_244,mega_289,Koprska,530
mega_276,mega_48,mega_339,Jarše/Kodrova,748
mega_61,mega_240,mega_351,Žale,506
mega_116,mega_202,mega_257,Konzorcij/Pošta,81
mega_439,mega_89,mega_147,Emona,1108
mega_20,mega_325,N/A,N/A,5000
mega_308,mega_163,mega_339,Jarše/Kodrova,1379
mega_133,mega_118,mega_179,Bavarski dvor,2807
mega_355,mega_458,mega_179,Bavarski dvor,823
mega_350,mega_369,mega_367,Stara cerkev,523
mega_183,mega_429,mega_172,Ilirska,4517
mega_430,mega_380,mega_297,Omersova,61
mega_50,mega_250,mega_179,Bavarski dvor,1272
mega_27,mega_161,mega_44,Ajdovščina,464
mega_96,mega_328,mega_153,Astra,704
mega_266,mega_473,mega_339,Jarše/Kodrova,557
mega_267,mega_184,mega_257,Konzorcij/Pošta,329
mega_168,mega_61,mega_44,Ajdovščina,286
mega_377,mega_190,mega_257,Konzorcij/Pošta,438
mega_116,mega_75,mega_179,Bavarski dvor,225
mega_429,mega_414,mega_395,Dolgi most,391
mega_190,mega_30,N/A,N/A,5000
mega_437,mega_149,mega_179,Bavarski dvor,1073
mega_408,mega_289,mega_179,Bavarski dvor,254
mega_20,mega_270,N/A,N/A,5000
mega_483,mega_174,mega_179,Bavarski dvor,397
mega_352,mega_487,N/A,N/A,5000
mega_394,mega_30,N/A,N/A,5000
mega_125,mega_245,mega_265,Razstavišče,1252
mega_393,mega_245,mega_86,Stožice,22
mega_270,mega_457,mega_137,Hrastje,733
mega_195,mega_438,mega_124,Poljanska,800
mega_16,mega_160,mega_179,Bavarski dvor,913
mega_330,mega_407,mega_130,Bežigrad,1302
mega_334,mega_353,mega_265,Razstavišče,897
mega_459,mega_208,mega_257,Konzorcij/Pošta,1117
mega_375,mega_253,mega_382,Šola Jarše,1597
mega_94,mega_8,mega_126,Klinični center,121
mega_240,mega_161,mega_398,Gosposvetska,203
mega_144,mega_325,mega_152,Hajdrihova,466
mega_488,mega_50,N/A,N/A,5000
mega_489,mega_330,N/A,N/A,5000
mega_398,mega_142,mega_398,Gosposvetska,230
mega_442,mega_438,mega_126,Klinični center,104
mega_129,mega_336,mega_126,Klinični center,203
mega_4,mega_393,mega_152,Hajdrihova,585
mega_463,mega_109,mega_343,Drama,596
mega_339,mega_351,mega_322,Bolnica,82
mega_116,mega_145,mega_265,Razstavišče,409
mega_461,mega_483,mega_265,Razstavišče,804
mega_463,mega_129,mega_74,Vič Glince,775
mega_115,mega_35,mega_179,Bavarski dvor,1266
mega_263,mega_63,mega_343,Drama,1029
mega_493,mega_453,N/A,N/A,5000
mega_274,mega_313,mega_343,Drama,399
mega_147,mega_192,mega_382,Šola Jarše,363
mega_323,mega_235,mega_272,Štepanja vas,78
mega_363,mega_259,mega_179,Bavarski dvor,2548
mega_55,mega_179,mega_44,Ajdovščina,329
mega_71,mega_114,mega_304,Kino Šiška,1140
mega_320,mega_419,mega_179,Bavarski dvor,1519
mega_405,mega_209,mega_134,Gornji trg,292
mega_225,mega_236,mega_179,Bavarski dvor,119
mega_153,mega_134,mega_126,Klinični center,19
mega_82,mega_444,mega_180,Tivoli,993
mega_330,mega_126,mega_322,Bolnica,341
mega_482,mega_188,mega_44,Ajdovščina,339
mega_128,mega_290,N/A,N/A,5000
mega_102,mega_100,mega_382,Šola Jarše,831
mega_422,mega_375,mega_179,Bavarski dvor,847
mega_273,mega_83,mega_382,Šola Jarše,1239
mega_96,mega_350,mega_265,Razstavišče,778
mega_126,mega_55,mega_225,Tržnica Moste,147
mega_423,mega_403,mega_257,Konzorcij/Pošta,143
mega_434,mega_450,mega_271,Tobačna,766
mega_39,mega_262,N/A,N/A,5000
mega_210,mega_219,mega_398,Gosposvetska,1192
mega_265,mega_430,mega_67,Brodarjev trg,713
mega_367,mega_419,mega_304,Kino Šiška,14
mega_37,mega_168,mega_180,Tivoli,400
mega_460,mega_263,mega_257,Konzorcij/Pošta,324
mega_129,mega_414,mega_367,Stara cerkev,723
mega_467,mega_150,mega_322,Bolnica,886
mega_220,mega_320,mega_48,Cesta na Vevče,750
mega_230,mega_35,mega_361,Pot na Fužine,1248
mega_331,mega_65,mega_105,Stadion,530
mega_392,mega_221,mega_398,Gosposvetska,199
mega_368,mega_120,mega_313,Kajuhova/Zaloška,696
mega_309,mega_138,mega_272,Štepanja vas,39
mega_213,mega_353,mega_398,Gosposvetska,908
mega_461,mega_481,N/A,N/A,5000
mega_333,mega_8,mega_152,Hajdrihova,1415
mega_422,mega_278,mega_343,Drama,390
mega_469,mega_162,mega_179,Bavarski dvor,1380
mega_325,mega_37,mega_153,Astra,533
mega_253,mega_75,mega_257,Konzorcij/Pošta,1325
mega_56,mega_219,mega_152,Hajdrihova,613
mega_355,mega_402,mega_225,Tržnica Moste,369
mega_273,mega_140,mega_271,Tobačna,320
mega_419,mega_88,mega_370,Žito,384
mega_185,mega_225,mega_257,Konzorcij/Pošta,338
mega_52,mega_91,N/A,N/A,5000
mega_73,mega_364,mega_322,Bolnica,436
mega_202,mega_335,mega_44,Ajdovščina,662
mega_53,mega_339,N/A,N/A,5000
mega_145,mega_35,mega_44,Ajdovščina,947
mega_261,mega_305,mega_179,Bavarski dvor,464
mega_118,mega_313,mega_241,Bolnica P. Držaja,21
mega_239,mega_311,mega_351,Žale,133
mega_52,mega_282,N/A,N/A,5000
mega_262,mega_27,N/A,N/A,5000
mega_413,mega_101,N/A,N/A,5000
mega_136,mega_394,N/A,N/A,5000
mega_189,mega_442,mega_44,Ajdovščina,170
mega_336,mega_336,mega_336,Gostilna Kovač,2
mega_168,mega_391,mega_398,Gosposvetska,559
mega_260,mega_187,mega_179,Bavarski dvor,1274
mega_455,mega_114,N/A,N/A,5000
mega_312,mega_61,mega_351,Žale,1048
mega_40,mega_99,mega_179,Bavarski dvor,133
mega_233,mega_443,mega_44,Ajdovščina,1111
mega_450,mega_389,mega_218,Ruski car,614
mega_69,mega_379,mega_367,Stara cerkev,23
mega_34,mega_211,mega_134,Gornji trg,1472
mega_110,mega_35,mega_140,Privoz,59
mega_443,mega_311,mega_179,Bavarski dvor,429
mega_486,mega_327,mega_179,Bavarski dvor,36
mega_459,mega_328,mega_179,Bavarski dvor,807
mega_316,mega_492,N/A,N/A,5000
mega_105,mega_159,mega_44,Ajdovščina,598
mega_433,mega_20,N/A,N/A,5000
mega_287,mega_166,mega_257,Konzorcij/Pošta,703
mega_133,mega_319,mega_179,Bavarski dvor,199
mega_279,mega_125,mega_382,Šola Jarše,352
mega_141,mega_371,mega_257,Konzorcij/Pošta,275
mega_367,mega_22,mega_179,Bavarski dvor,763
mega_160,mega_332,mega_352,Savske stolpnice,8
mega_333,mega_158,mega_126,Klinični center,277
mega_357,mega_249,mega_257,Konzorcij/Pošta,1100
mega_323,mega_209,mega_225,Tržnica Moste,1161
mega_437,mega_442,mega_44,Ajdovščina,1601
mega_96,mega_389,mega_343,Drama,305
mega_210,mega_192,mega_153,Astra,450
mega_310,mega_150,mega_179,Bavarski dvor,675
mega_448,mega_486,mega_44,Ajdovščina,346
mega_305,mega_31,mega_260,Viško polje,1616
mega_27,mega_288,mega_343,Drama,978
mega_344,mega_322,mega_64,Lutkovno gl.,861
mega_264,mega_135,mega_313,Kajuhova/Zaloška,266
mega_447,mega_432,mega_349,Cankarjev dom,485
mega_487,mega_291,N/A,N/A,5000
mega_155,mega_325,mega_220,Aleja/Avtomontaža,223
mega_330,mega_490,N/A,N/A,5000
mega_402,mega_191,mega_343,Drama,154
mega_178,mega_47,mega_265,Razstavišče,449
mega_364,mega_106,N/A,N/A,5000
mega_193,mega_288,N/A,N/A,5000
mega_218,mega_149,mega_201,Aškerčeva,751
mega_32,mega_182,mega_257,Konzorcij/Pošta,481
mega_188,mega_251,mega_322,Bolnica,161
mega_376,mega_417,mega_44,Ajdovščina,95
mega_272,mega_339,mega_307,Dalmatinova/Tavčarjeva,1171
mega_153,mega_163,mega_305,Slovenija avto,1030
mega_378,mega_140,mega_343,Drama,133
mega_166,mega_125,mega_134,Gornji trg,958
mega_294,mega_490,N/A,N/A,5000
mega_257,mega_197,mega_144,Križanke,765
mega_146,mega_178,N/A,N/A,5000
mega_216,mega_291,mega_225,Tržnica Moste,1024
mega_270,mega_345,mega_257,Konzorcij/Pošta,162
mega_383,mega_360,mega_265,Razstavišče,676
mega_141,mega_274,mega_44,Ajdovščina,533
mega_240,mega_365,mega_322,Bolnica,449
mega_115,mega_367,mega_44,Ajdovščina,1780
mega_187,mega_5,mega_65,Draveljska gmajna,291
mega_233,mega_487,N/A,N/A,5000
mega_125,mega_92,mega_48,Cesta na Vevče,1427
mega_475,mega_479,mega_179,Bavarski dvor,457
mega_138,mega_451,mega_44,Ajdovščina,1121
mega_65,mega_380,mega_121,Kneza Koclja,39
mega_369,mega_291,mega_398,Gosposvetska,862
mega_24,mega_269,mega_39,BTC-tržnica,998
mega_286,mega_189,mega_257,Konzorcij/Pošta,2388
mega_314,mega_67,mega_179,Bavarski dvor,47
mega_373,mega_64,mega_75,Gerbičeva,173
mega_104,mega_86,mega_265,Razstavišče,1944
mega_263,mega_440,mega_133,Ambrožev trg,182
mega_54,mega_148,mega_265,Razstavišče,1755
mega_476,mega_167,N/A,N/A,5000
mega_415,mega_292,N/A,N/A,5000
mega_82,mega_332,mega_343,Drama,724
mega_21,mega_372,mega_271,Tobačna,1592
mega_284,mega_468,mega_313,Kajuhova/Zaloška,152
mega_339,mega_365,mega_244,Na klancu,715
mega_252,mega_208,mega_144,Križanke,2505
mega_291,mega_459,mega_57,Zg. Gameljne,290
mega_221,mega_146,N/A,N/A,5000
mega_48,mega_403,mega_271,Tobačna,459
mega_64,mega_320,mega_203,Pot Rdečega križa,584
mega_177,mega_5,mega_225,Tržnica Moste,466
mega_486,mega_82,mega_179,Bavarski dvor,607
mega_93,mega_60,mega_82,Cesta v Zavoglje,183
mega_346,mega_236,mega_355,Stara Ježica,127
mega_439,mega_98,mega_179,Bavarski dvor,2301
mega_308,mega_243,mega_343,Drama,988
mega_99,mega_348,mega_179,Bavarski dvor,724
mega_89,mega_55,mega_230,Mercator,4431
mega_222,mega_144,mega_398,Gosposvetska,792
mega_365,mega_466,N/A,N/A,5000
mega_160,mega_39,mega_343,Drama,60
mega_142,mega_327,mega_126,Klinični center,712
mega_263,mega_274,mega_257,Konzorcij/Pošta,163
mega_404,mega_205,mega_398,Gosposvetska,695
mega_117,mega_474,mega_179,Bavarski dvor,297
mega_457,mega_16,mega_398,Gosposvetska,380
mega_311,mega_285,mega_44,Ajdovščina,1480
mega_340,mega_60,mega_44,Ajdovščina,1194
mega_254,mega_195,mega_218,Ruski car,647
mega_464,mega_286,mega_105,Stadion,1234
mega_85,mega_86,mega_67,Brodarjev trg,426
mega_360,mega_386,mega_133,Ambrožev trg,50
mega_353,mega_96,mega_398,Gosposvetska,542
mega_123,mega_364,mega_210,Kosmačeva,31
mega_279,mega_244,mega_343,Drama,3140
mega_363,mega_429,mega_166,BTC-Emporium,221
mega_166,mega_103,mega_225,Tržnica Moste,52
mega_390,mega_105,mega_386,Tovorni kolodvor,1010
mega_106,mega_112,N/A,N/A,5000
mega_480,mega_456,N/A,N/A,5000
mega_371,mega_395,mega_179,Bavarski dvor,69
mega_179,mega_430,mega_304,Kino Šiška,129
mega_92,mega_408,mega_179,Bavarski dvor,132
mega_5,mega_331,mega_343,Drama,643
mega_238,mega_449,mega_179,Bavarski dvor,400
mega_115,mega_67,mega_153,Astra,864
mega_199,mega_13,mega_44,Ajdovščina,578
mega_479,mega_42,mega_249,Bonifacija,1443
mega_164,mega_5,mega_257,Konzorcij/Pošta,286
mega_285,mega_282,mega_257,Konzorcij/Pošta,581
mega_424,mega_481,N/A,N/A,5000
mega_396,mega_36,mega_304,Kino Šiška,979
mega_184,mega_181,mega_304,Kino Šiška,233
mega_291,mega_113,mega_133,Ambrožev trg,221
mega_47,mega_279,mega_99,Savsko naselje/Središka,1454
mega_147,mega_164,mega_179,Bavarski dvor,347
mega_387,mega_77,mega_258,Trata,95
mega_57,mega_163,mega_352,Savske stolpnice,1703
mega_415,mega_113,mega_386,Tovorni kolodvor,335
mega_463,mega_451,mega_360,Studenec,1471
mega_380,mega_347,mega_44,Ajdovščina,458
mega_468,mega_264,mega_201,Aškerčeva,198
mega_364,mega_190,mega_153,Astra,3229
mega_296,mega_258,mega_44,Ajdovščina,92
mega_175,mega_389,mega_398,Gosposvetska,762
mega_162,mega_343,mega_44,Ajdovščina,1344
mega_233,mega_479,mega_141,Vižmarje,13
mega_118,mega_360,mega_44,Ajdovščina,276
mega_3,mega_146,N/A,N/A,5000
mega_307,mega_110,mega_339,Jarše/Kodrova,2276
mega_115,mega_177,mega_313,Kajuhova/Zaloška,248
mega_282,mega_67,mega_257,Konzorcij/Pošta,366
mega_139,mega_130,mega_204,Spar,1111
mega_346,mega_351,mega_257,Konzorcij/Pošta,2115
mega_310,mega_33,mega_280,Podpeč,175
mega_18,mega_242,mega_144,Križanke,134
mega_107,mega_6,mega_304,Kino Šiška,217
mega_424,mega_59,mega_322,Bolnica,1290
mega_71,mega_100,mega_295,Polje,236
mega_125,mega_30,N/A,N/A,5000
mega_70,mega_89,N/A,N/A,5000
mega_448,mega_395,mega_249,Bonifacija,286
mega_18,mega_166,mega_179,Bavarski dvor,492
mega_100,mega_77,mega_265,Razstavišče,745
mega_425,mega_168,mega_469,D. MOST P+R,473
mega_143,mega_161,mega_179,Bavarski dvor,275
mega_110,mega_425,mega_343,Drama,583
mega_413,mega_297,N/A,N/A,5000
mega_68,mega_451,mega_44,Ajdovščina,1970
mega_248,mega_97,mega_257,Konzorcij/Pošta,643
mega_251,mega_236,mega_343,Drama,105
mega_484,mega_376,mega_130,Bežigrad,138
mega_270,mega_56,mega_339,Jarše/Kodrova,586
mega_28,mega_353,mega_153,Astra,992
mega_57,mega_50,mega_156,Kodeljevo,384
mega_333,mega_491,N/A,N/A,5000
mega_177,mega_339,mega_142,Tbilisijska,301
mega_337,mega_261,mega_130,Bežigrad,366
mega_63,mega_341,mega_398,Gosposvetska,250
mega_477,mega_475,N/A,N/A,5000
mega_188,mega_492,N/A,N/A,5000
mega_73,mega_210,mega_265,Razstavišče,849
mega_318,mega_357,mega_179,Bavarski dvor,169
mega_113,mega_64,mega_271,Tobačna,547
mega_271,mega_150,mega_269,Cukrarna,851
mega_486,mega_51,mega_382,Šola Jarše,112
mega_160,mega_132,mega_203,Pot Rdečega križa,854
mega_238,mega_305,mega_179,Bavarski dvor,2042
mega_394,mega_287,mega_343,Drama,287
mega_214,mega_46,mega_225,Tržnica Moste,274
mega_272,mega_174,mega_313,Kajuhova/Zaloška,83
mega_387,mega_181,mega_153,Astra,648
mega_407,mega_195,mega_153,Astra,540
mega_245,mega_412,mega_271,Tobačna,419
mega_257,mega_120,mega_48,Cesta na Vevče,1704
mega_259,mega_467,mega_179,Bavarski dvor,2916
mega_301,mega_424,mega_130,Bežigrad,669
mega_374,mega_244,mega_179,Bavarski dvor,741
mega_235,mega_62,mega_395,Dolgi most,767
mega_387,mega_467,mega_406,Šentvid,72
mega_282,mega_5,mega_44,Ajdovščina,443
mega_82,mega_316,mega_469,D. MOST P+R,1448
mega_284,mega_362,mega_265,Razstavišče,270
mega_235,mega_173,mega_67,Brodarjev trg,1034
mega_19,mega_219,mega_398,Gosposvetska,1308
mega_387,mega_483,mega_265,Razstavišče,246
mega_100,mega_141,mega_343,Drama,293
mega_103,mega_320,mega_179,Bavarski dvor,196
mega_144,mega_482,mega_305,Slovenija avto,513
mega_128,mega_66,mega_343,Drama,741
mega_223,mega_126,mega_180,Tivoli,168
mega_377,mega_191,mega_409,Kodeljevo/Ob sotočju,1142
mega_135,mega_448,mega_230,Mercator,531
mega_434,mega_181,mega_179,Bavarski dvor,240
mega_461,mega_278,mega_265,Razstavišče,579
mega_372,mega_192,mega_304,Kino Šiška,924
mega_153,mega_189,mega_395,Dolgi most,128
mega_74,mega_406,mega_44,Ajdovščina,540
mega_55,mega_338,mega_179,Bavarski dvor,109
mega_375,mega_214,mega_258,Trata,1317
mega_53,mega_293,mega_329,GROSUPLJE/Grosuplje,100
mega_227,mega_302,mega_265,Razstavišče,691
mega_355,mega_31,mega_367,Stara cerkev,128
mega_234,mega_242,mega_343,Drama,225
mega_73,mega_438,mega_179,Bavarski dvor,576
mega_419,mega_181,mega_130,Bežigrad,1099
mega_17,mega_369,mega_44,Ajdovščina,1066
mega_145,mega_179,mega_179,Bavarski dvor,113
mega_217,mega_442,mega_179,Bavarski dvor,523
mega_268,mega_385,mega_257,Konzorcij/Pošta,292
mega_229,mega_270,mega_343,Drama,197
mega_119,mega_429,mega_343,Drama,1513
mega_313,mega_244,mega_180,Tivoli,798
mega_425,mega_128,mega_382,Šola Jarše,291
mega_257,mega_430,mega_343,Drama,212
mega_209,mega_56,mega_398,Gosposvetska,657
mega_448,mega_203,mega_44,Ajdovščina,832
mega_199,mega_30,N/A,N/A,5000
mega_488,mega_119,N/A,N/A,5000
mega_313,mega_54,mega_225,Tržnica Moste,1473
mega_388,mega_263,mega_48,Cesta na Vevče,258
mega_109,mega_134,mega_134,Gornji trg,590
mega_452,mega_380,mega_355,Stara Ježica,1985
mega_489,mega_62,N/A,N/A,5000
mega_102,mega_383,mega_275,Kovinarska,662
mega_324,mega_61,mega_398,Gosposvetska,613
mega_331,mega_445,mega_257,Konzorcij/Pošta,865
mega_26,mega_464,mega_44,Ajdovščina,1203
mega_193,mega_280,N/A,N/A,5000
mega_172,mega_89,mega_201,Aškerčeva,2551
mega_249,mega_308,mega_343,Drama,287
mega_85,mega_290,N/A,N/A,5000
mega_41,mega_2,mega_153,Astra,818
mega_123,mega_87,mega_44,Ajdovščina,714
mega_356,mega_416,mega_265,Razstavišče,109
mega_63,mega_177,mega_179,Bavarski dvor,723
mega_30,mega_397,N/A,N/A,5000
mega_39,mega_88,mega_189,Pod Rožnikom,1398
mega_359,mega_147,mega_28,Zgornji log,361
mega_163,mega_154,mega_257,Konzorcij/Pošta,376
mega_168,mega_48,mega_339,Jarše/Kodrova,256
mega_375,mega_147,mega_130,Bežigrad,375
mega_418,mega_317,mega_257,Konzorcij/Pošta,630
mega_237,mega_189,mega_126,Klinični center,572
mega_224,mega_47,mega_130,Bežigrad,621
mega_455,mega_460,N/A,N/A,5000
mega_387,mega_348,mega_179,Bavarski dvor,503
mega_220,mega_50,mega_343,Drama,1008
mega_60,mega_20,N/A,N/A,5000
mega_237,mega_283,mega_398,Gosposvetska,227
mega_123,mega_87,mega_179,Bavarski dvor,594
mega_436,mega_345,mega_44,Ajdovščina,518
mega_233,mega_333,mega_156,Kodeljevo,1146
mega_86,mega_457,mega_236,Smelt,721
mega_230,mega_108,mega_179,Bavarski dvor,186
mega_55,mega_475,mega_220,Aleja/Avtomontaža,706
mega_151,mega_119,mega_398,Gosposvetska,1433
mega_484,mega_147,mega_179,Bavarski dvor,87
mega_331,mega_354,mega_265,Razstavišče,1772
mega_66,mega_478,mega_179,Bavarski dvor,2427
mega_413,mega_127,N/A,N/A,5000
mega_132,mega_386,mega_474,Nove Jarše,212
mega_146,mega_365,N/A,N/A,5000
mega_140,mega_24,mega_124,Poljanska,268
mega_348,mega_337,mega_134,Gornji trg,367
mega_166,mega_320,mega_134,Gornji trg,333
mega_271,mega_174,mega_343,Drama,559
mega_177,mega_415,mega_339,Jarše/Kodrova,137
mega_238,mega_124,mega_179,Bavarski dvor,1028
mega_385,mega_353,mega_382,Šola Jarše,577
mega_159,mega_399,mega_257,Konzorcij/Pošta,232
mega_172,mega_490,N/A,N/A,5000
mega_95,mega_100,mega_249,Bonifacija,605
mega_157,mega_324,mega_179,Bavarski dvor,206
mega_327,mega_62,mega_362,Friškovec,540
mega_353,mega_188,mega_257,Konzorcij/Pošta,601
mega_35,mega_434,mega_257,Konzorcij/Pošta,921
mega_55,mega_354,mega_179,Bavarski dvor,836
mega_69,mega_199,mega_201,Aškerčeva,279
mega_108,mega_171,mega_179,Bavarski dvor,176
mega_268,mega_24,mega_474,Nove Jarše,480
mega_24,mega_227,mega_361,Pot na Fužine,1116
mega_262,mega_189,N/A,N/A,5000
mega_239,mega_298,N/A,N/A,5000
mega_416,mega_491,N/A,N/A,5000
mega_389,mega_101,mega_44,Ajdovščina,285
mega_317,mega_305,mega_343,Drama,1610
mega_36,mega_87,mega_144,Križanke,251
mega_150,mega_74,mega_147,Emona,763
mega_450,mega_175,mega_152,Hajdrihova,1773
mega_103,mega_434,mega_304,Kino Šiška,497
mega_46,mega_245,mega_230,Mercator,107
mega_197,mega_410,mega_402,Yulon,1404
mega_317,mega_55,mega_178,AMZS,694
mega_347,mega_4,mega_272,Štepanja vas,89
mega_450,mega_290,N/A,N/A,5000
mega_125,mega_394,mega_362,Friškovec,803
mega_173,mega_60,mega_367,Stara cerkev,3514
mega_464,mega_475,mega_257,Konzorcij/Pošta,414
mega_254,mega_375,mega_303,Peruzzijeva,841
mega_363,mega_365,mega_257,Konzorcij/Pošta,118
mega_329,mega_53,mega_329,GROSUPLJE/Grosuplje,6
mega_15,mega_229,mega_179,Bavarski dvor,656
mega_122,mega_469,mega_257,Konzorcij/Pošta,284
mega_491,mega_376,N/A,N/A,5000
mega_189,mega_17,mega_201,Aškerčeva,1075
mega_53,mega_463,N/A,N/A,5000
mega_20,mega_4,N/A,N/A,5000
mega_91,mega_150,mega_265,Razstavišče,604
mega_417,mega_302,mega_398,Gosposvetska,161
mega_218,mega_106,N/A,N/A,5000
mega_273,mega_308,mega_304,Kino Šiška,99
mega_210,mega_359,mega_265,Razstavišče,298
mega_428,mega_431,mega_272,Štepanja vas,909
mega_109,mega_469,mega_152,Hajdrihova,25
mega_69,mega_159,mega_44,Ajdovščina,1426
mega_136,mega_347,N/A,N/A,5000
mega_427,mega_103,mega_179,Bavarski dvor,1954
mega_189,mega_238,mega_257,Konzorcij/Pošta,3319
mega_339,mega_393,mega_382,Šola Jarše,35
mega_332,mega_237,mega_249,Bonifacija,951
mega_44,mega_109,mega_265,Razstavišče,1068
mega_251,mega_170,mega_271,Tobačna,244
mega_392,mega_124,mega_305,Slovenija avto,163
mega_146,mega_42,N/A,N/A,5000
mega_274,mega_449,mega_307,Dalmatinova/Tavčarjeva,735
mega_142,mega_310,mega_265,Razstavišče,679
mega_278,mega_475,mega_44,Ajdovščina,568
mega_296,mega_337,mega_44,Ajdovščina,762
mega_447,mega_367,mega_343,Drama,454
mega_463,mega_303,mega_179,Bavarski dvor,1693
mega_401,mega_89,mega_133,Ambrožev trg,816
mega_411,mega_345,mega_179,Bavarski dvor,942
mega_289,mega_332,mega_179,Bavarski dvor,1186
mega_143,mega_52,N/A,N/A,5000
mega_247,mega_49,N/A,N/A,5000
mega_415,mega_83,mega_153,Astra,447
mega_229,mega_241,mega_105,Stadion,1163
mega_289,mega_183,mega_382,Šola Jarše,503
mega_175,mega_160,mega_257,Konzorcij/Pošta,85
mega_340,mega_33,mega_343,Drama,339
mega_211,mega_255,mega_87,Prekmurska,369
mega_117,mega_309,mega_179,Bavarski dvor,1947
mega_136,mega_143,N/A,N/A,5000
mega_292,mega_79,N/A,N/A,5000
mega_215,mega_124,mega_144,Križanke,744
mega_327,mega_468,mega_179,Bavarski dvor,372
mega_206,mega_7,mega_257,Konzorcij/Pošta,582
mega_128,mega_241,mega_44,Ajdovščina,262
mega_272,mega_386,mega_313,Kajuhova/Zaloška,16
mega_411,mega_233,mega_133,Ambrožev trg,505
mega_491,mega_368,N/A,N/A,5000
mega_284,mega_233,mega_121,Kneza Koclja,1074
mega_32,mega_116,mega_179,Bavarski dvor,1008
mega_286,mega_173,mega_382,Šola Jarše,3283
mega_7,mega_67,mega_44,Ajdovščina,483
mega_143,mega_265,mega_48,Cesta na Vevče,149
mega_406,mega_471,mega_361,Pot na Fužine,414
mega_424,mega_188,mega_257,Konzorcij/Pošta,871
mega_387,mega_358,mega_179,Bavarski dvor,640
mega_408,mega_216,mega_220,Aleja/Avtomontaža,1953
mega_187,mega_493,N/A,N/A,5000
mega_371,mega_441,mega_265,Razstavišče,758
mega_170,mega_463,mega_343,Drama,645
mega_114,mega_470,mega_395,Dolgi most,267
mega_213,mega_418,mega_265,Razstavišče,288
mega_178,mega_187,mega_153,Astra,13
mega_313,mega_116,mega_257,Konzorcij/Pošta,153
mega_274,mega_491,N/A,N/A,5000
mega_406,mega_39,mega_104,Litostrojska,80
mega_339,mega_434,mega_44,Ajdovščina,89
mega_491,mega_277,N/A,N/A,5000
mega_160,mega_465,mega_257,Konzorcij/Pošta,1169
mega_1,mega_477,N/A,N/A,5000
mega_457,mega_491,N/A,N/A,5000
mega_97,mega_31,mega_86,Stožice,1297
mega_274,mega_196,mega_379,Prušnikova,22
mega_425,mega_344,mega_180,Tivoli,409
mega_299,mega_309,mega_179,Bavarski dvor,278
mega_27,mega_48,mega_362,Friškovec,256
mega_248,mega_338,mega_179,Bavarski dvor,1098
mega_155,mega_482,mega_133,Ambrožev trg,680
mega_252,mega_106,N/A,N/A,5000
mega_122,mega_271,mega_395,Dolgi most,2677
mega_149,mega_26,mega_339,Jarše/Kodrova,3138
mega_1,mega_94,mega_44,Ajdovščina,601
mega_10,mega_26,mega_351,Žale,236
mega_80,mega_420,mega_39,BTC-tržnica,89
mega_204,mega_376,mega_367,Stara cerkev,194
mega_199,mega_169,mega_179,Bavarski dvor,562
mega_267,mega_202,mega_257,Konzorcij/Pošta,2208
mega_303,mega_401,mega_313,Kajuhova/Zaloška,1045
mega_236,mega_271,mega_257,Konzorcij/Pošta,1027
mega_229,mega_48,mega_179,Bavarski dvor,467
mega_462,mega_258,mega_343,Drama,1639
mega_105,mega_165,mega_179,Bavarski dvor,850
mega_43,mega_338,N/A,N/A,5000
mega_61,mega_185,mega_367,Stara cerkev,1092
mega_188,mega_462,mega_171,Kompas,578
mega_249,mega_306,mega_180,Tivoli,893
mega_450,mega_469,mega_179,Bavarski dvor,421
mega_195,mega_493,N/A,N/A,5000
mega_183,mega_111,mega_271,Tobačna,608
mega_212,mega_250,mega_154,Podmornica,84
mega_20,mega_152,N/A,N/A,5000
mega_48,mega_232,mega_332,Flajšmanova/ZELENA JAMA,173
mega_88,mega_273,mega_370,Žito,175
mega_262,mega_382,N/A,N/A,5000
mega_269,mega_146,N/A,N/A,5000
mega_84,mega_393,mega_343,Drama,429
mega_372,mega_3,mega_332,Flajšmanova/ZELENA JAMA,828
mega_161,mega_75,mega_144,Križanke,303
mega_480,mega_444,mega_44,Ajdovščina,644
mega_293,mega_160,N/A,N/A,5000
mega_392,mega_111,mega_152,Hajdrihova,219
mega_272,mega_343,mega_351,Žale,149
mega_190,mega_84,mega_265,Razstavišče,274
mega_183,mega_386,mega_428,Zaloška,1271
mega_313,mega_351,mega_134,Gornji trg,642
mega_209,mega_51,mega_257,Konzorcij/Pošta,406
mega_387,mega_97,mega_180,Tivoli,599
mega_276,mega_485,mega_343,Drama,972
mega_155,mega_195,mega_133,Ambrožev trg,423
mega_133,mega_444,mega_164,Cesta XV,851
mega_403,mega_207,mega_134,Gornji trg,744
mega_242,mega_429,mega_126,Klinični center,543
mega_474,mega_259,mega_257,Konzorcij/Pošta,545
mega_315,mega_394,mega_343,Drama,438
mega_437,mega_159,mega_343,Drama,806
mega_300,mega_49,N/A,N/A,5000
mega_405,mega_447,mega_382,Šola Jarše,87
mega_306,mega_97,mega_179,Bavarski dvor,763
mega_224,mega_272,mega_265,Razstavišče,290
mega_338,mega_294,mega_186,Kavčičeva,963
mega_171,mega_72,mega_127,Cesta v Gorice,368
mega_456,mega_224,N/A,N/A,5000
mega_444,mega_219,mega_230,Mercator,1899
mega_135,mega_484,mega_44,Ajdovščina,416
mega_412,mega_67,mega_398,Gosposvetska,1074
mega_284,mega_100,mega_130,Bežigrad,385
mega_454,mega_446,N/A,N/A,5000
mega_234,mega_76,mega_351,Žale,744
mega_243,mega_360,mega_44,Ajdovščina,872
mega_418,mega_164,mega_44,Ajdovščina,190
mega_282,mega_418,mega_398,Gosposvetska,1638
mega_135,mega_487,N/A,N/A,5000
mega_247,mega_238,mega_343,Drama,1167
mega_394,mega_427,mega_152,Hajdrihova,662
mega_423,mega_464,mega_179,Bavarski dvor,522
mega_366,mega_33,mega_179,Bavarski dvor,760
mega_350,mega_264,mega_44,Ajdovščina,423
mega_297,mega_73,mega_225,Tržnica Moste,183
mega_16,mega_206,mega_179,Bavarski dvor,433
mega_5,mega_113,mega_10,Zakrajškova,44
mega_38,mega_405,mega_397,Zgornja Šiška,582
mega_92,mega_44,mega_44,Ajdovščina,648
mega_130,mega_112,mega_44,Ajdovščina,433
mega_82,mega_235,mega_82,Cesta v Zavoglje,2
mega_166,mega_422,mega_201,Aškerčeva,116
mega_124,mega_277,mega_44,Ajdovščina,406
mega_219,mega_354,mega_297,Omersova,1310
mega_114,mega_215,mega_179,Bavarski dvor,458
mega_262,mega_102,N/A,N/A,5000
mega_156,mega_438,mega_44,Ajdovščina,413
mega_325,mega_258,mega_271,Tobačna,198
mega_376,mega_88,mega_179,Bavarski dvor,1667
mega_181,mega_397,mega_231,Glonarjeva,91
mega_235,mega_480,mega_257,Konzorcij/Pošta,236
mega_247,mega_373,mega_44,Ajdovščina,171
mega_133,mega_54,mega_87,Prekmurska,54
mega_78,mega_418,mega_171,Kompas,300
mega_140,mega_345,mega_265,Razstavišče,601
mega_453,mega_156,mega_265,Razstavišče,447
mega_8,mega_308,mega_351,Žale,2783
mega_66,mega_172,mega_343,Drama,264
mega_19,mega_426,mega_361,Pot na Fužine,58
mega_283,mega_269,mega_265,Razstavišče,252
mega_324,mega_1,mega_152,Hajdrihova,739
mega_435,mega_322,mega_44,Ajdovščina,765
mega_101,mega_117,mega_257,Konzorcij/Pošta,1575
mega_326,mega_191,mega_220,Aleja/Avtomontaža,153
mega_423,mega_160,mega_351,Žale,394
mega_21,mega_96,mega_179,Bavarski dvor,103
mega_251,mega_299,mega_127,Cesta v Gorice,1752
mega_412,mega_48,mega_179,Bavarski dvor,467
mega_3,mega_107,mega_367,Stara cerkev,296
mega_186,mega_345,mega_343,Drama,327
mega_291,mega_463,mega_381,Brinje,1520
mega_322,mega_20,N/A,N/A,5000
mega_23,mega_89,mega_44,Ajdovščina,1119
mega_298,mega_210,mega_343,Drama,1619
mega_5,mega_7,mega_44,Ajdovščina,304
mega_223,mega_5,mega_126,Klinični center,263
mega_363,mega_135,mega_179,Bavarski dvor,959
mega_272,mega_107,mega_349,Cankarjev dom,374
mega_429,mega_37,mega_343,Drama,865
mega_228,mega_230,mega_249,Bonifacija,738
mega_151,mega_466,N/A,N/A,5000
mega_43,mega_381,N/A,N/A,5000
mega_450,mega_198,mega_398,Gosposvetska,1666
mega_453,mega_29,mega_151,Viadukt,1754
mega_306,mega_254,mega_362,Friškovec,88
mega_38,mega_11,mega_126,Klinični center,1229
mega_231,mega_310,mega_179,Bavarski dvor,421
mega_85,mega_214,mega_124,Poljanska,734
mega_336,mega_363,mega_220,Aleja/Avtomontaža,159
mega_172,mega_164,mega_127,Cesta v Gorice,2039
mega_288,mega_312,mega_395,Dolgi most,65
mega_118,mega_463,mega_343,Drama,710
mega_252,mega_96,mega_130,Bežigrad,725
mega_121,mega_10,mega_343,Drama,590
mega_248,mega_345,mega_343,Drama,642
mega_210,mega_189,mega_265,Razstavišče,847
mega_342,mega_372,mega_257,Konzorcij/Pošta,1790
mega_357,mega_295,mega_382,Šola Jarše,1366
mega_118,mega_328,mega_179,Bavarski dvor,75
mega_155,mega_370,mega_179,Bavarski dvor,789
mega_141,mega_427,mega_179,Bavarski dvor,669
mega_165,mega_366,mega_124,Poljanska,16
mega_473,mega_14,mega_188,Gasilska brigada,116
mega_373,mega_346,mega_265,Razstavišče,284
mega_440,mega_62,mega_343,Drama,60
mega_236,mega_86,mega_379,Prušnikova,777
mega_115,mega_125,mega_44,Ajdovščina,2730
mega_125,mega_342,mega_44,Ajdovščina,586
mega_478,mega_306,mega_398,Gosposvetska,348
mega_449,mega_287,mega_265,Razstavišče,140
mega_78,mega_205,mega_156,Kodeljevo,600
mega_351,mega_18,mega_265,Razstavišče,247
mega_226,mega_151,mega_144,Križanke,945
mega_101,mega_0,mega_179,Bavarski dvor,912
mega_400,mega_132,mega_179,Bavarski dvor,209
mega_325,mega_129,mega_343,Drama,647
mega_231,mega_316,mega_179,Bavarski dvor,80
mega_371,mega_336,mega_265,Razstavišče,1207
mega_54,mega_454,mega_179,Bavarski dvor,324
mega_46,mega_477,N/A,N/A,5000
mega_237,mega_236,mega_55,Sava,7
mega_207,mega_299,mega_44,Ajdovščina,1220
mega_116,mega_427,mega_179,Bavarski dvor,1319
mega_478,mega_406,mega_134,Gornji trg,1114
mega_231,mega_38,mega_375,Chengdujska,472
mega_282,mega_260,mega_271,Tobačna,298
mega_348,mega_184,mega_151,Viadukt,457
mega_314,mega_315,mega_179,Bavarski dvor,270
mega_434,mega_384,mega_220,Aleja/Avtomontaža,1422
mega_308,mega_243,mega_230,Mercator,104
mega_104,mega_300,mega_44,Ajdovščina,1614
mega_458,mega_82,mega_322,Bolnica,759
mega_374,mega_175,mega_398,Gosposvetska,109
mega_359,mega_345,mega_179,Bavarski dvor,2229
mega_355,mega_319,mega_179,Bavarski dvor,1851
mega_427,mega_201,mega_44,Ajdovščina,151
mega_137,mega_19,mega_343,Drama,514
mega_487,mega_297,N/A,N/A,5000
mega_305,mega_166,mega_258,Trata,202
mega_403,mega_336,mega_126,Klinični center,760
mega_440,mega_169,mega_179,Bavarski dvor,856
mega_201,mega_164,mega_351,Žale,439
mega_275,mega_255,mega_289,Koprska,91
mega_1,mega_202,mega_352,Savske stolpnice,364
mega_132,mega_297,mega_153,Astra,194
mega_389,mega_408,mega_179,Bavarski dvor,4
mega_458,mega_423,mega_225,Tržnica Moste,1799
mega_125,mega_161,mega_225,Tržnica Moste,736
mega_105,mega_111,mega_105,Stadion,2428
mega_205,mega_314,mega_179,Bavarski dvor,141
mega_436,mega_284,mega_180,Tivoli,721
mega_134,mega_350,mega_367,Stara cerkev,428
mega_221,mega_154,mega_343,Drama,171
mega_161,mega_368,mega_156,Kodeljevo,10
mega_226,mega_375,mega_257,Konzorcij/Pošta,194
mega_379,mega_344,mega_179,Bavarski dvor,169
mega_472,mega_82,mega_370,Žito,1233
mega_453,mega_172,mega_225,Tržnica Moste,1432
mega_473,mega_144,mega_339,Jarše/Kodrova,816
mega_445,mega_345,mega_307,Dalmatinova/Tavčarjeva,315
mega_107,mega_417,mega_225,Tržnica Moste,1786
mega_85,mega_67,mega_107,7. septembra,1342
mega_278,mega_3,mega_72,Zeleni gaj,26
mega_64,mega_192,mega_156,Kodeljevo,22
mega_86,mega_261,mega_236,Smelt,37
mega_427,mega_458,mega_352,Savske stolpnice,1612
mega_347,mega_74,mega_152,Hajdrihova,173
mega_480,mega_235,mega_179,Bavarski dvor,1515
mega_319,mega_98,mega_133,Ambrožev trg,575
mega_166,mega_345,mega_398,Gosposvetska,759
mega_174,mega_442,mega_179,Bavarski dvor,261
mega_356,mega_289,mega_322,Bolnica,222
mega_444,mega_458,mega_153,Astra,1467
mega_219,mega_440,mega_265,Razstavišče,84
mega_67,mega_70,N/A,N/A,5000
mega_11,mega_36,mega_295,Polje,190
mega_213,mega_387,mega_189,Pod Rožnikom,1331
mega_381,mega_275,mega_179,Bavarski dvor,260
mega_41,mega_171,mega_343,Drama,77
mega_460,mega_314,mega_44,Ajdovščina,515
mega_287,mega_256,mega_171,Kompas,275
mega_28,mega_323,mega_74,Vič Glince,150
mega_71,mega_102,mega_351,Žale,1924
mega_328,mega_452,mega_44,Ajdovščina,479
mega_56,mega_218,mega_343,Drama,597
mega_461,mega_216,mega_398,Gosposvetska,832
mega_347,mega_118,mega_265,Razstavišče,148
mega_340,mega_424,mega_271,Tobačna,1283
mega_351,mega_137,mega_179,Bavarski dvor,464
mega_164,mega_159,mega_152,Hajdrihova,84
mega_49,mega_308,N/A,N/A,5000
mega_462,mega_47,mega_352,Savske stolpnice,105
mega_280,mega_446,N/A,N/A,5000
mega_18,mega_376,mega_265,Razstavišče,257
mega_147,mega_3,mega_235,Sostro - 2,246
mega_258,mega_282,mega_179,Bavarski dvor,904
mega_260,mega_463,mega_362,Friškovec,289
